,phenomenon_time,id_aq_legal_station,no,o3
0,2019-08-19 00:00:00,9625,,0.0
1,2019-08-19 00:01:00,9625,,0.0
2,2019-08-19 00:02:00,9625,,0.0
3,2019-08-19 00:03:00,9625,,0.0
4,2019-08-19 00:04:00,9625,,0.0
5,2019-08-19 00:05:00,9625,,0.0
6,2019-08-19 00:06:00,9625,,0.0
7,2019-08-19 00:07:00,9625,,0.0
8,2019-08-19 00:08:00,9625,,0.0
9,2019-08-19 00:09:00,9625,,0.0
10,2019-08-19 00:10:00,9625,,0.0
11,2019-08-19 00:11:00,9625,,0.0
12,2019-08-19 00:12:00,9625,,0.0
13,2019-08-19 00:13:00,9625,,0.0
14,2019-08-19 00:14:00,9625,,43.8199996
15,2019-08-19 00:15:00,9625,,45.013321
16,2019-08-19 00:16:00,9625,,43.2966614
17,2019-08-19 00:17:00,9625,,42.9233208
18,2019-08-19 00:18:00,9625,,42.0032998
19,2019-08-19 00:19:00,9625,,41.4433212
20,2019-08-19 00:20:00,9625,,40.6266594
21,2019-08-19 00:21:00,9625,,38.8733216
22,2019-08-19 00:22:00,9625,,39.5732994
23,2019-08-19 00:23:00,9625,,39.4566612
24,2019-08-19 00:24:00,9625,,40.0566596
25,2019-08-19 00:25:00,9625,,39.9566612
26,2019-08-19 00:26:00,9625,,42.9433212
27,2019-08-19 00:27:00,9625,,42.4132996
28,2019-08-19 00:28:00,9625,,41.0900002
29,2019-08-19 00:29:00,9625,,40.4366608
30,2019-08-19 00:30:00,9625,,39.5799598
31,2019-08-19 00:31:00,9625,,38.7399598
32,2019-08-19 00:32:00,9625,,38.7966614
33,2019-08-19 00:33:00,9625,,39.526661
34,2019-08-19 00:34:00,9625,,37.8166618
35,2019-08-19 00:35:00,9625,,35.8432998
36,2019-08-19 00:36:00,9625,,33.5166398
37,2019-08-19 00:37:00,9625,,35.4233208
38,2019-08-19 00:38:00,9625,,35.0066604
39,2019-08-19 00:39:00,9625,,34.7433204
40,2019-08-19 00:40:00,9625,,35.183319
41,2019-08-19 00:41:00,9625,,31.9566594
42,2019-08-19 00:42:00,9625,,31.0499992
43,2019-08-19 00:43:00,9625,,29.3666592
44,2019-08-19 00:44:00,9625,,26.7166596
45,2019-08-19 00:45:00,9625,,29.2600002
46,2019-08-19 00:46:00,9625,,34.9266396
47,2019-08-19 00:47:00,9625,,32.8866616
48,2019-08-19 00:48:00,9625,,29.946659
49,2019-08-19 00:49:00,9625,,29.1599998
50,2019-08-19 00:50:00,9625,,30.5333194
51,2019-08-19 00:51:00,9625,,34.6632996
52,2019-08-19 00:52:00,9625,,40.9933204
53,2019-08-19 00:53:00,9625,,41.4399796
54,2019-08-19 00:54:00,9625,,41.8366394
55,2019-08-19 00:55:00,9625,,41.7066612
56,2019-08-19 00:56:00,9625,,39.9766616
57,2019-08-19 00:57:00,9625,,38.4566612
58,2019-08-19 00:58:00,9625,,37.9500008
59,2019-08-19 00:59:00,9625,,34.380001
60,2019-08-19 01:00:00,9625,,31.9400006
61,2019-08-19 01:01:00,9625,,30.67
62,2019-08-19 01:02:00,9625,,28.97332
63,2019-08-19 01:03:00,9625,,28.7800006
64,2019-08-19 01:04:00,9625,,28.433319
65,2019-08-19 01:05:00,9625,,27.8500004
66,2019-08-19 01:06:00,9625,,28.7066594
67,2019-08-19 01:07:00,9625,,29.4699994
68,2019-08-19 01:08:00,9625,,27.9433194
69,2019-08-19 01:09:00,9625,,26.933319
70,2019-08-19 01:10:00,9625,,29.39332
71,2019-08-19 01:11:00,9625,,31.4799996
72,2019-08-19 01:12:00,9625,,31.4833202
73,2019-08-19 01:13:00,9625,,31.1499996
74,2019-08-19 01:14:00,9625,,30.7466602
75,2019-08-19 01:15:00,9625,,33.5499992
76,2019-08-19 01:16:00,9625,,34.290001
77,2019-08-19 01:17:00,9625,,34.2433204
78,2019-08-19 01:18:00,9625,,35.1666604
79,2019-08-19 01:19:00,9625,,36.0066604
80,2019-08-19 01:20:00,9625,,35.7733192
81,2019-08-19 01:21:00,9625,,35.4300004
82,2019-08-19 01:22:00,9625,,35.290001
83,2019-08-19 01:23:00,9625,,36.419979
84,2019-08-19 01:24:00,9625,,36.8400002
85,2019-08-19 01:25:00,9625,,37.0166398
86,2019-08-19 01:26:00,9625,,38.6399994
87,2019-08-19 01:27:00,9625,,38.6233216
88,2019-08-19 01:28:00,9625,,38.2133216
89,2019-08-19 01:29:00,9625,,37.4266396
90,2019-08-19 01:30:00,9625,,36.946659
91,2019-08-19 01:31:00,9625,,35.276661
92,2019-08-19 01:32:00,9625,,37.209999
93,2019-08-19 01:33:00,9625,,36.959999
94,2019-08-19 01:34:00,9625,,38.3633194
95,2019-08-19 01:35:00,9625,,38.1666604
96,2019-08-19 01:36:00,9625,,37.0
97,2019-08-19 01:37:00,9625,,36.9266396
98,2019-08-19 01:38:00,9625,,37.1866608
99,2019-08-19 01:39:00,9625,,35.656639
100,2019-08-19 01:40:00,9625,,34.9533196
101,2019-08-19 01:41:00,9625,,32.656639
102,2019-08-19 01:42:00,9625,,33.209999
103,2019-08-19 01:43:00,9625,,36.6599998
104,2019-08-19 01:44:00,9625,,40.0032998
105,2019-08-19 01:45:00,9625,,42.8966598
106,2019-08-19 01:46:00,9625,,45.7532998
107,2019-08-19 01:47:00,9625,,44.669979
108,2019-08-19 01:48:00,9625,,43.7933198
109,2019-08-19 01:49:00,9625,,41.8266602
110,2019-08-19 01:50:00,9625,,42.3366394
111,2019-08-19 01:51:00,9625,,42.1366616
112,2019-08-19 01:52:00,9625,,39.6133194
113,2019-08-19 01:53:00,9625,,39.4000016
114,2019-08-19 01:54:00,9625,,40.98666
115,2019-08-19 01:55:00,9625,,40.8333206
116,2019-08-19 01:56:00,9625,,42.353321
117,2019-08-19 01:57:00,9625,,42.23666
118,2019-08-19 01:58:00,9625,,45.0200004
119,2019-08-19 01:59:00,9625,,45.290001
120,2019-08-19 02:00:00,9625,,42.4233208
121,2019-08-19 02:01:00,9625,,42.0699996
122,2019-08-19 02:02:00,9625,,44.276661
123,2019-08-19 02:03:00,9625,,47.5333214
124,2019-08-19 02:04:00,9625,,47.5299798
125,2019-08-19 02:05:00,9625,,45.7666398
126,2019-08-19 02:06:00,9625,,46.5366592
127,2019-08-19 02:07:00,9625,,46.4799996
128,2019-08-19 02:08:00,9625,,47.8699798
129,2019-08-19 02:09:00,9625,,49.3600006
130,2019-08-19 02:10:00,9625,,49.696659
131,2019-08-19 02:11:00,9625,,48.7966614
132,2019-08-19 02:12:00,9625,,49.2066612
133,2019-08-19 02:13:00,9625,,49.2700004
134,2019-08-19 02:14:00,9625,,48.3733216
135,2019-08-19 02:15:00,9625,,48.5533218
136,2019-08-19 02:16:00,9625,,48.263321
137,2019-08-19 02:17:00,9625,,46.8099594
138,2019-08-19 02:18:00,9625,,48.013321
139,2019-08-19 02:19:00,9625,,47.6866608
140,2019-08-19 02:20:00,9625,,47.1366616
141,2019-08-19 02:21:00,9625,,47.4266396
142,2019-08-19 02:22:00,9625,,48.2566604
143,2019-08-19 02:23:00,9625,,46.2332992
144,2019-08-19 02:24:00,9625,,46.2599792
145,2019-08-19 02:25:00,9625,,47.3633194
146,2019-08-19 02:26:00,9625,,43.9900016
147,2019-08-19 02:27:00,9625,,41.4966392
148,2019-08-19 02:28:00,9625,,39.3600006
149,2019-08-19 02:29:00,9625,,37.0233192
150,2019-08-19 02:30:00,9625,,36.5699996
151,2019-08-19 02:31:00,9625,,36.8199996
152,2019-08-19 02:32:00,9625,,36.5932998
153,2019-08-19 02:33:00,9625,,34.8966598
154,2019-08-19 02:34:00,9625,,36.8999596
155,2019-08-19 02:35:00,9625,,41.0333214
156,2019-08-19 02:36:00,9625,,42.9700012
157,2019-08-19 02:37:00,9625,,43.5699996
158,2019-08-19 02:38:00,9625,,41.7033196
159,2019-08-19 02:39:00,9625,,41.290001
160,2019-08-19 02:40:00,9625,,39.2999992
161,2019-08-19 02:41:00,9625,,38.919979
162,2019-08-19 02:42:00,9625,,38.040001
163,2019-08-19 02:43:00,9625,,36.6599998
164,2019-08-19 02:44:00,9625,,36.6066398
165,2019-08-19 02:45:00,9625,,34.4433212
166,2019-08-19 02:46:00,9625,,33.8166618
167,2019-08-19 02:47:00,9625,,35.0600014
168,2019-08-19 02:48:00,9625,,35.4933204
169,2019-08-19 02:49:00,9625,,35.790001
170,2019-08-19 02:50:00,9625,,34.406639
171,2019-08-19 02:51:00,9625,,32.3866616
172,2019-08-19 02:52:00,9625,,31.5033206
173,2019-08-19 02:53:00,9625,,33.2033196
174,2019-08-19 02:54:00,9625,,33.040001
175,2019-08-19 02:55:00,9625,,33.5699996
176,2019-08-19 02:56:00,9625,,34.1933212
177,2019-08-19 02:57:00,9625,,33.103321
178,2019-08-19 02:58:00,9625,,34.9633216
179,2019-08-19 02:59:00,9625,,35.5766602
180,2019-08-19 03:00:00,9625,,34.5032998
181,2019-08-19 03:01:00,9625,,33.7466392
182,2019-08-19 03:02:00,9625,,34.696659
183,2019-08-19 03:03:00,9625,,34.7299996
184,2019-08-19 03:04:00,9625,,34.5633202
185,2019-08-19 03:05:00,9625,,33.616661
186,2019-08-19 03:06:00,9625,,32.6666604
187,2019-08-19 03:07:00,9625,,32.2433204
188,2019-08-19 03:08:00,9625,,31.7800006
189,2019-08-19 03:09:00,9625,,30.9433194
190,2019-08-19 03:10:00,9625,,30.1133194
191,2019-08-19 03:11:00,9625,,27.7999992
192,2019-08-19 03:12:00,9625,,26.42
193,2019-08-19 03:13:00,9625,,23.8199996
194,2019-08-19 03:14:00,9625,,24.0499992
195,2019-08-19 03:15:00,9625,,25.8833198
196,2019-08-19 03:16:00,9625,,25.9799996
197,2019-08-19 03:17:00,9625,,25.92
198,2019-08-19 03:18:00,9625,,27.790001
199,2019-08-19 03:19:00,9625,,28.7566604
200,2019-08-19 03:20:00,9625,,29.5499992
201,2019-08-19 03:21:00,9625,,28.2799798
202,2019-08-19 03:22:00,9625,,28.1166592
203,2019-08-19 03:23:00,9625,,26.3366604
204,2019-08-19 03:24:00,9625,,26.1533204
205,2019-08-19 03:25:00,9625,,24.0966606
206,2019-08-19 03:26:00,9625,,22.709999
207,2019-08-19 03:27:00,9625,,22.8066596
208,2019-08-19 03:28:00,9625,,21.30332
209,2019-08-19 03:29:00,9625,,20.7566604
210,2019-08-19 03:30:00,9625,,19.0933342
211,2019-08-19 03:31:00,9625,,19.16799926
212,2019-08-19 03:32:00,9625,,19.59700012
213,2019-08-19 03:33:00,9625,,20.07732
214,2019-08-19 03:34:00,9625,,19.64766694
215,2019-08-19 03:35:00,9625,,17.4829998
216,2019-08-19 03:36:00,9625,,17.11199952
217,2019-08-19 03:37:00,9625,,16.1526661
218,2019-08-19 03:38:00,9625,,14.7393341
219,2019-08-19 03:39:00,9625,,13.06933404
220,2019-08-19 03:40:00,9625,,11.69766616
221,2019-08-19 03:41:00,9625,,13.81166554
222,2019-08-19 03:42:00,9625,,13.2329998
223,2019-08-19 03:43:00,9625,,11.10000038
224,2019-08-19 03:44:00,9625,,10.56299972
225,2019-08-19 03:45:00,9625,,10.1366663
226,2019-08-19 03:46:00,9625,,11.50766564
227,2019-08-19 03:47:00,9625,,12.86400032
228,2019-08-19 03:48:00,9625,,13.1800003
229,2019-08-19 03:49:00,9625,,13.30466556
230,2019-08-19 03:50:00,9625,,15.30733204
231,2019-08-19 03:51:00,9625,,14.4659996
232,2019-08-19 03:52:00,9625,,17.23466682
233,2019-08-19 03:53:00,9625,,24.4300004
234,2019-08-19 03:54:00,9625,,29.1366596
235,2019-08-19 03:55:00,9625,,27.1266594
236,2019-08-19 03:56:00,9625,,25.8899994
237,2019-08-19 03:57:00,9625,,25.0466594
238,2019-08-19 03:58:00,9625,,25.3400002
239,2019-08-19 03:59:00,9625,,24.1866608
240,2019-08-19 04:00:00,9625,,23.9833202
241,2019-08-19 04:01:00,9625,,20.6679992
242,2019-08-19 04:02:00,9625,,20.7536602
243,2019-08-19 04:03:00,9625,,18.69366646
244,2019-08-19 04:04:00,9625,,18.23633384
245,2019-08-19 04:05:00,9625,,15.77466584
246,2019-08-19 04:06:00,9625,,14.15566636
247,2019-08-19 04:07:00,9625,,12.87166596
248,2019-08-19 04:08:00,9625,,14.06766796
249,2019-08-19 04:09:00,9625,,13.42033196
250,2019-08-19 04:10:00,9625,,10.70966626
251,2019-08-19 04:11:00,9625,,9.3053341
252,2019-08-19 04:12:00,9625,,9.3409996
253,2019-08-19 04:13:00,9625,,11.7340002
254,2019-08-19 04:14:00,9625,,10.54899978
255,2019-08-19 04:15:00,9625,,9.73033428
256,2019-08-19 04:16:00,9625,,10.88599968
257,2019-08-19 04:17:00,9625,,19.24933242
258,2019-08-19 04:18:00,9625,,15.4196663
259,2019-08-19 04:19:00,9625,,14.89466572
260,2019-08-19 04:20:00,9625,,18.55166626
261,2019-08-19 04:21:00,9625,,14.4619999
262,2019-08-19 04:22:00,9625,,15.78033448
263,2019-08-19 04:23:00,9625,,14.74800014
264,2019-08-19 04:24:00,9625,,21.3556594
265,2019-08-19 04:25:00,9625,,26.6233196
266,2019-08-19 04:26:00,9625,,24.5033206
267,2019-08-19 04:27:00,9625,,25.3466606
268,2019-08-19 04:28:00,9625,,25.9833202
269,2019-08-19 04:29:00,9625,,29.1800004
270,2019-08-19 04:30:00,9625,,29.7933198
271,2019-08-19 04:31:00,9625,,29.6533204
272,2019-08-19 04:32:00,9625,,29.5766602
273,2019-08-19 04:33:00,9625,,30.0433198
274,2019-08-19 04:34:00,9625,,31.4833202
275,2019-08-19 04:35:00,9625,,30.5333194
276,2019-08-19 04:36:00,9625,,30.47332
277,2019-08-19 04:37:00,9625,,29.8199996
278,2019-08-19 04:38:00,9625,,29.5466594
279,2019-08-19 04:39:00,9625,,31.40666
280,2019-08-19 04:40:00,9625,,31.9833202
281,2019-08-19 04:41:00,9625,,30.6100006
282,2019-08-19 04:42:00,9625,,31.3133202
283,2019-08-19 04:43:00,9625,,33.0333214
284,2019-08-19 04:44:00,9625,,32.9000016
285,2019-08-19 04:45:00,9625,,31.4400006
286,2019-08-19 04:46:00,9625,,31.3899994
287,2019-08-19 04:47:00,9625,,32.406639
288,2019-08-19 04:48:00,9625,,31.8233204
289,2019-08-19 04:49:00,9625,,31.4133206
290,2019-08-19 04:50:00,9625,,31.8633194
291,2019-08-19 04:51:00,9625,,32.0333214
292,2019-08-19 04:52:00,9625,,33.5433198
293,2019-08-19 04:53:00,9625,,32.9900016
294,2019-08-19 04:54:00,9625,,33.72332
295,2019-08-19 04:55:00,9625,,32.9766616
296,2019-08-19 04:56:00,9625,,31.9166604
297,2019-08-19 04:57:00,9625,,31.3700008
298,2019-08-19 04:58:00,9625,,30.2733192
299,2019-08-19 04:59:00,9625,,29.6533204
300,2019-08-19 05:00:00,9625,,30.83
301,2019-08-19 05:01:00,9625,,29.3366604
302,2019-08-19 05:02:00,9625,,27.9300004
303,2019-08-19 05:03:00,9625,,26.4433194
304,2019-08-19 05:04:00,9625,,25.2999992
305,2019-08-19 05:05:00,9625,,24.196659
306,2019-08-19 05:06:00,9625,,23.6499996
307,2019-08-19 05:07:00,9625,,27.696659
308,2019-08-19 05:08:00,9625,,31.1066608
309,2019-08-19 05:09:00,9625,,29.2466602
310,2019-08-19 05:10:00,9625,,27.1100006
311,2019-08-19 05:11:00,9625,,25.4899998
312,2019-08-19 05:12:00,9625,,26.2133198
313,2019-08-19 05:13:00,9625,,28.2966594
314,2019-08-19 05:14:00,9625,,28.4366608
315,2019-08-19 05:15:00,9625,,28.9300004
316,2019-08-19 05:16:00,9625,,29.5466594
317,2019-08-19 05:17:00,9625,,30.8366604
318,2019-08-19 05:18:00,9625,,31.3133202
319,2019-08-19 05:19:00,9625,,32.5233192
320,2019-08-19 05:20:00,9625,,33.1466598
321,2019-08-19 05:21:00,9625,,33.8066596
322,2019-08-19 05:22:00,9625,,30.1599998
323,2019-08-19 05:23:00,9625,,28.0333194
324,2019-08-19 05:24:00,9625,,27.7933198
325,2019-08-19 05:25:00,9625,,29.3133202
326,2019-08-19 05:26:00,9625,,30.2399998
327,2019-08-19 05:27:00,9625,,30.9500008
328,2019-08-19 05:28:00,9625,,31.1199798
329,2019-08-19 05:29:00,9625,,30.4433194
330,2019-08-19 05:30:00,9625,,28.7966594
331,2019-08-19 05:31:00,9625,,26.9966602
332,2019-08-19 05:32:00,9625,,24.9300004
333,2019-08-19 05:33:00,9625,,24.196659
334,2019-08-19 05:34:00,9625,,22.4166604
335,2019-08-19 05:35:00,9625,,21.085661
336,2019-08-19 05:36:00,9625,,19.73999978
337,2019-08-19 05:37:00,9625,,21.433319
338,2019-08-19 05:38:00,9625,,21.81666
339,2019-08-19 05:39:00,9625,,20.8833198
340,2019-08-19 05:40:00,9625,,22.9099998
341,2019-08-19 05:41:00,9625,,24.0166606
342,2019-08-19 05:42:00,9625,,25.7133198
343,2019-08-19 05:43:00,9625,,27.7000008
344,2019-08-19 05:44:00,9625,,26.7266598
345,2019-08-19 05:45:00,9625,,26.9633198
346,2019-08-19 05:46:00,9625,,29.48666
347,2019-08-19 05:47:00,9625,,27.6399994
348,2019-08-19 05:48:00,9625,,26.58
349,2019-08-19 05:49:00,9625,,27.5900002
350,2019-08-19 05:50:00,9625,,29.1933194
351,2019-08-19 05:51:00,9625,,29.08
352,2019-08-19 05:52:00,9625,,28.8899994
353,2019-08-19 05:53:00,9625,,29.7566604
354,2019-08-19 05:54:00,9625,,28.209999
355,2019-08-19 05:55:00,9625,,26.23666
356,2019-08-19 05:56:00,9625,,26.3899994
357,2019-08-19 05:57:00,9625,,25.4500008
358,2019-08-19 05:58:00,9625,,24.8066596
359,2019-08-19 05:59:00,9625,,27.92
360,2019-08-19 06:00:00,9625,,32.1432992
361,2019-08-19 06:01:00,9625,,32.8966598
362,2019-08-19 06:02:00,9625,,35.48666
363,2019-08-19 06:03:00,9625,,36.5600014
364,2019-08-19 06:04:00,9625,,34.5800018
365,2019-08-19 06:05:00,9625,,34.3432998
366,2019-08-19 06:06:00,9625,,34.5
367,2019-08-19 06:07:00,9625,,28.3566608
368,2019-08-19 06:08:00,9625,,21.6399994
369,2019-08-19 06:09:00,9625,,20.5033206
370,2019-08-19 06:10:00,9625,,19.9303341
371,2019-08-19 06:11:00,9625,,17.7053337
372,2019-08-19 06:12:00,9625,,15.57033444
373,2019-08-19 06:13:00,9625,,14.56799984
374,2019-08-19 06:14:00,9625,,15.81833362
375,2019-08-19 06:15:00,9625,,16.62633324
376,2019-08-19 06:16:00,9625,,17.8856659
377,2019-08-19 06:17:00,9625,,17.34666634
378,2019-08-19 06:18:00,9625,,20.7220002
379,2019-08-19 06:19:00,9625,,22.67
380,2019-08-19 06:20:00,9625,,22.9666596
381,2019-08-19 06:21:00,9625,,23.7066594
382,2019-08-19 06:22:00,9625,,23.2600002
383,2019-08-19 06:23:00,9625,,27.5699996
384,2019-08-19 06:24:00,9625,,32.2733192
385,2019-08-19 06:25:00,9625,,33.513321
386,2019-08-19 06:26:00,9625,,31.3566608
387,2019-08-19 06:27:00,9625,,29.0466594
388,2019-08-19 06:28:00,9625,,29.8533192
389,2019-08-19 06:29:00,9625,,34.9633216
390,2019-08-19 06:30:00,9625,,37.75
391,2019-08-19 06:31:00,9625,,40.156639
392,2019-08-19 06:32:00,9625,,40.3266602
393,2019-08-19 06:33:00,9625,,41.3400002
394,2019-08-19 06:34:00,9625,,42.1632996
395,2019-08-19 06:35:00,9625,,43.7566604
396,2019-08-19 06:36:00,9625,,41.4666596
397,2019-08-19 06:37:00,9625,,41.8966598
398,2019-08-19 06:38:00,9625,,47.1066398
399,2019-08-19 06:39:00,9625,,49.8966598
400,2019-08-19 06:40:00,9625,,51.0633202
401,2019-08-19 06:41:00,9625,,48.97332
402,2019-08-19 06:42:00,9625,,47.4799996
403,2019-08-19 06:43:00,9625,,46.23666
404,2019-08-19 06:44:00,9625,,45.209999
405,2019-08-19 06:45:00,9625,,46.0499992
406,2019-08-19 06:46:00,9625,,47.2933198
407,2019-08-19 06:47:00,9625,,47.6233216
408,2019-08-19 06:48:00,9625,,46.9132996
409,2019-08-19 06:49:00,9625,,46.683319
410,2019-08-19 06:50:00,9625,,45.5233192
411,2019-08-19 06:51:00,9625,,44.0
412,2019-08-19 06:52:00,9625,,43.4832992
413,2019-08-19 06:53:00,9625,,44.513321
414,2019-08-19 06:54:00,9625,,45.0999794
415,2019-08-19 06:55:00,9625,,45.7666398
416,2019-08-19 06:56:00,9625,,47.73666
417,2019-08-19 06:57:00,9625,,47.8366394
418,2019-08-19 06:58:00,9625,,50.25
419,2019-08-19 06:59:00,9625,,50.183319
420,2019-08-19 07:00:00,9625,,48.8766594
421,2019-08-19 07:01:00,9625,,51.5499992
422,2019-08-19 07:02:00,9625,,56.0666618
423,2019-08-19 07:03:00,9625,,62.2700004
424,2019-08-19 07:04:00,9625,,63.5566596
425,2019-08-19 07:05:00,9625,,62.8600006
426,2019-08-19 07:06:00,9625,,62.3499794
427,2019-08-19 07:07:00,9625,,61.2966614
428,2019-08-19 07:08:00,9625,,59.526661
429,2019-08-19 07:09:00,9625,,57.8232994
430,2019-08-19 07:10:00,9625,,56.2933198
431,2019-08-19 07:11:00,9625,,54.0566596
432,2019-08-19 07:12:00,9625,,56.616661
433,2019-08-19 07:13:00,9625,,55.8166618
434,2019-08-19 07:14:00,9625,,54.47332
435,2019-08-19 07:15:00,9625,,51.9899598
436,2019-08-19 07:16:00,9625,,49.6199798
437,2019-08-19 07:17:00,9625,,49.4399796
438,2019-08-19 07:18:00,9625,,48.5233192
439,2019-08-19 07:19:00,9625,,48.7466392
440,2019-08-19 07:20:00,9625,,47.1899796
441,2019-08-19 07:21:00,9625,,47.3899994
442,2019-08-19 07:22:00,9625,,45.3466606
443,2019-08-19 07:23:00,9625,,45.23666
444,2019-08-19 07:24:00,9625,,46.1199798
445,2019-08-19 07:25:00,9625,,46.9933204
446,2019-08-19 07:26:00,9625,,46.866661
447,2019-08-19 07:27:00,9625,,46.5600014
448,2019-08-19 07:28:00,9625,,44.5766602
449,2019-08-19 07:29:00,9625,,45.2466392
450,2019-08-19 07:30:00,9625,,49.3633194
451,2019-08-19 07:31:00,9625,,48.7700004
452,2019-08-19 07:32:00,9625,,50.5732994
453,2019-08-19 07:33:00,9625,,49.3366394
454,2019-08-19 07:34:00,9625,,48.7933198
455,2019-08-19 07:35:00,9625,,49.406639
456,2019-08-19 07:36:00,9625,,50.2833214
457,2019-08-19 07:37:00,9625,,48.959999
458,2019-08-19 07:38:00,9625,,48.290001
459,2019-08-19 07:39:00,9625,,49.6666604
460,2019-08-19 07:40:00,9625,,50.4666596
461,2019-08-19 07:41:00,9625,,53.1500016
462,2019-08-19 07:42:00,9625,,54.6233216
463,2019-08-19 07:43:00,9625,,57.1399994
464,2019-08-19 07:44:00,9625,,60.9099998
465,2019-08-19 07:45:00,9625,,60.4566612
466,2019-08-19 07:46:00,9625,,55.2700004
467,2019-08-19 07:47:00,9625,,52.8499794
468,2019-08-19 07:48:00,9625,,51.9500008
469,2019-08-19 07:49:00,9625,,51.419979
470,2019-08-19 07:50:00,9625,,54.656639
471,2019-08-19 07:51:00,9625,,58.5999794
472,2019-08-19 07:52:00,9625,,61.209999
473,2019-08-19 07:53:00,9625,,60.8600006
474,2019-08-19 07:54:00,9625,,60.3932992
475,2019-08-19 07:55:00,9625,,59.23666
476,2019-08-19 07:56:00,9625,,59.4000016
477,2019-08-19 07:57:00,9625,,58.1066398
478,2019-08-19 07:58:00,9625,,57.183319
479,2019-08-19 07:59:00,9625,,58.9233208
480,2019-08-19 08:00:00,9625,,66.0833206
481,2019-08-19 08:01:00,9625,,65.2799836
482,2019-08-19 08:02:00,9625,,65.2166596
483,2019-08-19 08:03:00,9625,,70.0733032
484,2019-08-19 08:04:00,9625,,70.563301
485,2019-08-19 08:05:00,9625,,69.313301
486,2019-08-19 08:06:00,9625,,71.1133194
487,2019-08-19 08:07:00,9625,,71.603302
488,2019-08-19 08:08:00,9625,,71.4633026
489,2019-08-19 08:09:00,9625,,71.8766632
490,2019-08-19 08:10:00,9625,,72.5
491,2019-08-19 08:11:00,9625,,73.5966416
492,2019-08-19 08:12:00,9625,,74.9366608
493,2019-08-19 08:13:00,9625,,75.196663
494,2019-08-19 08:14:00,9625,,75.9366608
495,2019-08-19 08:15:00,9625,,76.4933014
496,2019-08-19 08:16:00,9625,,78.6500016
497,2019-08-19 08:17:00,9625,,77.0066604
498,2019-08-19 08:18:00,9625,,75.2066422
499,2019-08-19 08:19:00,9625,,76.8199996
500,2019-08-19 08:20:00,9625,,77.3833236
501,2019-08-19 08:21:00,9625,,73.1733016
502,2019-08-19 08:22:00,9625,,75.6100006
503,2019-08-19 08:23:00,9625,,77.7433014
504,2019-08-19 08:24:00,9625,,76.0199814
505,2019-08-19 08:25:00,9625,,75.8300018
506,2019-08-19 08:26:00,9625,,74.366661
507,2019-08-19 08:27:00,9625,,75.0599822
508,2019-08-19 08:28:00,9625,,74.4933014
509,2019-08-19 08:29:00,9625,,72.8866424
510,2019-08-19 08:30:00,9625,,74.0
511,2019-08-19 08:31:00,9625,,77.2533036
512,2019-08-19 08:32:00,9625,,78.5433198
513,2019-08-19 08:33:00,9625,,78.5566636
514,2019-08-19 08:34:00,9625,,77.3466416
515,2019-08-19 08:35:00,9625,,78.5433198
516,2019-08-19 08:36:00,9625,,77.7399826
517,2019-08-19 08:37:00,9625,,81.0800018
518,2019-08-19 08:38:00,9625,,82.47332
519,2019-08-19 08:39:00,9625,,83.7866592
520,2019-08-19 08:40:00,9625,,83.7933198
521,2019-08-19 08:41:00,9625,,85.2699814
522,2019-08-19 08:42:00,9625,,86.3300018
523,2019-08-19 08:43:00,9625,,86.97332
524,2019-08-19 08:44:00,9625,,86.4433212
525,2019-08-19 08:45:00,9625,,88.3233032
526,2019-08-19 08:46:00,9625,,88.433319
527,2019-08-19 08:47:00,9625,,84.9100036
528,2019-08-19 08:48:00,9625,,84.643303
529,2019-08-19 08:49:00,9625,,85.5466614
530,2019-08-19 08:50:00,9625,,85.9899826
531,2019-08-19 08:51:00,9625,,85.3199996
532,2019-08-19 08:52:00,9625,,86.9666596
533,2019-08-19 08:53:00,9625,,90.6933212
534,2019-08-19 08:54:00,9625,,90.763321
535,2019-08-19 08:55:00,9625,,88.1866608
536,2019-08-19 08:56:00,9625,,85.513321
537,2019-08-19 08:57:00,9625,,86.5266418
538,2019-08-19 08:58:00,9625,,91.4833222
539,2019-08-19 08:59:00,9625,,90.9899826
540,2019-08-19 09:00:00,9625,,95.7066422
541,2019-08-19 09:01:00,9625,,94.879982
542,2019-08-19 09:02:00,9625,,94.5766602
543,2019-08-19 09:03:00,9625,,93.9666596
544,2019-08-19 09:04:00,9625,,93.9499816
545,2019-08-19 09:05:00,9625,,94.3499832
546,2019-08-19 09:06:00,9625,,92.7699814
547,2019-08-19 09:07:00,9625,,93.1800004
548,2019-08-19 09:08:00,9625,,93.4700012
549,2019-08-19 09:09:00,9625,,96.0299836
550,2019-08-19 09:10:00,9625,,94.2699814
551,2019-08-19 09:11:00,9625,,95.746643
552,2019-08-19 09:12:00,9625,,94.2766418
553,2019-08-19 09:13:00,9625,,94.7399826
554,2019-08-19 09:14:00,9625,,93.813301
555,2019-08-19 09:15:00,9625,,96.2166596
556,2019-08-19 09:16:00,9625,,98.0366592
557,2019-08-19 09:17:00,9625,,93.0766602
558,2019-08-19 09:18:00,9625,,91.4633026
559,2019-08-19 09:19:00,9625,,91.9166412
560,2019-08-19 09:20:00,9625,,93.7333222
561,2019-08-19 09:21:00,9625,,90.0266418
562,2019-08-19 09:22:00,9625,,88.8199996
563,2019-08-19 09:23:00,9625,,88.839981
564,2019-08-19 09:24:00,9625,,93.5033036
565,2019-08-19 09:25:00,9625,,97.550003
566,2019-08-19 09:26:00,9625,,97.8733216
567,2019-08-19 09:27:00,9625,,97.2433014
568,2019-08-19 09:28:00,9625,,96.8600006
569,2019-08-19 09:29:00,9625,,95.8499832
570,2019-08-19 09:30:00,9625,,94.0599822
571,2019-08-19 09:31:00,9625,,95.339981
572,2019-08-19 09:32:00,9625,,97.669983
573,2019-08-19 09:33:00,9625,,99.513321
574,2019-08-19 09:34:00,9625,,98.9499816
575,2019-08-19 09:35:00,9625,,96.75
576,2019-08-19 09:36:00,9625,,97.1766434
577,2019-08-19 09:37:00,9625,,97.4133224
578,2019-08-19 09:38:00,9625,,99.246643
579,2019-08-19 09:39:00,9625,,97.523323
580,2019-08-19 09:40:00,9625,,95.5599822
581,2019-08-19 09:41:00,9625,,97.2766418
582,2019-08-19 09:42:00,9625,,95.9666596
583,2019-08-19 09:43:00,9625,,98.9800034
584,2019-08-19 09:44:00,9625,,99.7966614
585,2019-08-19 09:45:00,9625,,97.116661
586,2019-08-19 09:46:00,9625,,96.8366622
587,2019-08-19 09:47:00,9625,,97.4499816
588,2019-08-19 09:48:00,9625,,98.0066604
589,2019-08-19 09:49:00,9625,,97.050003
590,2019-08-19 09:50:00,9625,,99.800003
591,2019-08-19 09:51:00,9625,,100.9400024
592,2019-08-19 09:52:00,9625,,100.3866424
593,2019-08-19 09:53:00,9625,,102.4700012
594,2019-08-19 09:54:00,9625,,102.6866608
595,2019-08-19 09:55:00,9625,,102.7833024
596,2019-08-19 09:56:00,9625,,106.5699996
597,2019-08-19 09:57:00,9625,,105.5166626
598,2019-08-19 09:58:00,9625,,103.9533234
599,2019-08-19 09:59:00,9625,,104.683319
600,2019-08-19 10:00:00,9625,,104.6900024
601,2019-08-19 10:01:00,9625,,105.0166626
602,2019-08-19 10:02:00,9625,,105.143303
603,2019-08-19 10:03:00,9625,,105.563301
604,2019-08-19 10:04:00,9625,,104.040001
605,2019-08-19 10:05:00,9625,,104.8700028
606,2019-08-19 10:06:00,9625,,104.7166596
607,2019-08-19 10:07:00,9625,,104.023323
608,2019-08-19 10:08:00,9625,,105.0800018
609,2019-08-19 10:09:00,9625,,105.7799836
610,2019-08-19 10:10:00,9625,,105.3700028
611,2019-08-19 10:11:00,9625,,102.459999
612,2019-08-19 10:12:00,9625,,101.7266616
613,2019-08-19 10:13:00,9625,,104.4566422
614,2019-08-19 10:14:00,9625,,104.5966416
615,2019-08-19 10:15:00,9625,,104.2333222
616,2019-08-19 10:16:00,9625,,104.9499816
617,2019-08-19 10:17:00,9625,,103.4133224
618,2019-08-19 10:18:00,9625,,100.433319
619,2019-08-19 10:19:00,9625,,99.709999
620,2019-08-19 10:20:00,9625,,101.0199814
621,2019-08-19 10:21:00,9625,,104.0
622,2019-08-19 10:22:00,9625,,101.0199814
623,2019-08-19 10:23:00,9625,,102.2300034
624,2019-08-19 10:24:00,9625,,105.3033218
625,2019-08-19 10:25:00,9625,,106.0066604
626,2019-08-19 10:26:00,9625,,108.446663
627,2019-08-19 10:27:00,9625,,108.97332
628,2019-08-19 10:28:00,9625,,109.7299804
629,2019-08-19 10:29:00,9625,,107.4499816
630,2019-08-19 10:30:00,9625,,105.7600022
631,2019-08-19 10:31:00,9625,,106.8600006
632,2019-08-19 10:32:00,9625,,106.7399826
633,2019-08-19 10:33:00,9625,,105.7533036
634,2019-08-19 10:34:00,9625,,103.5733032
635,2019-08-19 10:35:00,9625,,105.5666428
636,2019-08-19 10:36:00,9625,,105.643303
637,2019-08-19 10:37:00,9625,,106.5100022
638,2019-08-19 10:38:00,9625,,104.6233216
639,2019-08-19 10:39:00,9625,,104.906662
640,2019-08-19 10:40:00,9625,,105.9433212
641,2019-08-19 10:41:00,9625,,104.986641
642,2019-08-19 10:42:00,9625,,106.8566436
643,2019-08-19 10:43:00,9625,,104.6633224
644,2019-08-19 10:44:00,9625,,103.8600006
645,2019-08-19 10:45:00,9625,,104.2699814
646,2019-08-19 10:46:00,9625,,105.353302
647,2019-08-19 10:47:00,9625,,108.8066636
648,2019-08-19 10:48:00,9625,,111.6999816
649,2019-08-19 10:49:00,9625,,109.8766632
650,2019-08-19 10:50:00,9625,,108.2533036
651,2019-08-19 10:51:00,9625,,109.050003
652,2019-08-19 10:52:00,9625,,107.5866622
653,2019-08-19 10:53:00,9625,,103.3600006
654,2019-08-19 10:54:00,9625,,104.853302
655,2019-08-19 10:55:00,9625,,108.116661
656,2019-08-19 10:56:00,9625,,109.9633026
657,2019-08-19 10:57:00,9625,,111.6999816
658,2019-08-19 10:58:00,9625,,108.919983
659,2019-08-19 10:59:00,9625,,106.8700028
660,2019-08-19 11:00:00,9625,,106.800003
661,2019-08-19 11:01:00,9625,,107.2699814
662,2019-08-19 11:02:00,9625,,109.406662
663,2019-08-19 11:03:00,9625,,109.3866424
664,2019-08-19 11:04:00,9625,,108.013321
665,2019-08-19 11:05:00,9625,,110.3966598
666,2019-08-19 11:06:00,9625,,106.813301
667,2019-08-19 11:07:00,9625,,105.1266632
668,2019-08-19 11:08:00,9625,,106.0533218
669,2019-08-19 11:09:00,9625,,108.353302
670,2019-08-19 11:10:00,9625,,111.9533234
671,2019-08-19 11:11:00,9625,,111.1533204
672,2019-08-19 11:12:00,9625,,110.6800004
673,2019-08-19 11:13:00,9625,,111.7699814
674,2019-08-19 11:14:00,9625,,113.6200028
675,2019-08-19 11:15:00,9625,,113.1266632
676,2019-08-19 11:16:00,9625,,114.5
677,2019-08-19 11:17:00,9625,,109.7033234
678,2019-08-19 11:18:00,9625,,110.406662
679,2019-08-19 11:19:00,9625,,110.4100036
680,2019-08-19 11:20:00,9625,,110.7033234
681,2019-08-19 11:21:00,9625,,111.050003
682,2019-08-19 11:22:00,9625,,108.4499816
683,2019-08-19 11:23:00,9625,,107.550003
684,2019-08-19 11:24:00,9625,,106.8233032
685,2019-08-19 11:25:00,9625,,107.7766418
686,2019-08-19 11:26:00,9625,,108.7333222
687,2019-08-19 11:27:00,9625,,107.353302
688,2019-08-19 11:28:00,9625,,110.7599792
689,2019-08-19 11:29:00,9625,,110.6266632
690,2019-08-19 11:30:00,9625,,112.1333236
691,2019-08-19 11:31:00,9625,,110.3199996
692,2019-08-19 11:32:00,9625,,109.8166428
693,2019-08-19 11:33:00,9625,,110.6600036
694,2019-08-19 11:34:00,9625,,113.0999832
695,2019-08-19 11:35:00,9625,,115.8333206
696,2019-08-19 11:36:00,9625,,113.5199814
697,2019-08-19 11:37:00,9625,,109.6399994
698,2019-08-19 11:38:00,9625,,112.1133194
699,2019-08-19 11:39:00,9625,,112.8700028
700,2019-08-19 11:40:00,9625,,112.6266632
701,2019-08-19 11:41:00,9625,,112.0666428
702,2019-08-19 11:42:00,9625,,111.0
703,2019-08-19 11:43:00,9625,,110.013321
704,2019-08-19 11:44:00,9625,,109.7699814
705,2019-08-19 11:45:00,9625,,111.800003
706,2019-08-19 11:46:00,9625,,114.7333222
707,2019-08-19 11:47:00,9625,,113.5100022
708,2019-08-19 11:48:00,9625,,112.4300004
709,2019-08-19 11:49:00,9625,,114.6266632
710,2019-08-19 11:50:00,9625,,115.2766418
711,2019-08-19 11:51:00,9625,,112.9766616
712,2019-08-19 11:52:00,9625,,111.5166626
713,2019-08-19 11:53:00,9625,,108.643303
714,2019-08-19 11:54:00,9625,,114.1600036
715,2019-08-19 11:55:00,9625,,115.25
716,2019-08-19 11:56:00,9625,,114.2333222
717,2019-08-19 11:57:00,9625,,113.0666428
718,2019-08-19 11:58:00,9625,,110.5333024
719,2019-08-19 11:59:00,9625,,107.8199996
720,2019-08-19 12:00:00,9625,,109.6933212
721,2019-08-19 12:01:00,9625,,110.996643
722,2019-08-19 12:02:00,9625,,114.763321
723,2019-08-19 12:03:00,9625,,114.8300018
724,2019-08-19 12:04:00,9625,,116.6900024
725,2019-08-19 12:05:00,9625,,114.169983
726,2019-08-19 12:06:00,9625,,112.3766632
727,2019-08-19 12:07:00,9625,,116.8033218
728,2019-08-19 12:08:00,9625,,117.8899994
729,2019-08-19 12:09:00,9625,,119.5433198
730,2019-08-19 12:10:00,9625,,115.9666596
731,2019-08-19 12:11:00,9625,,114.8899994
732,2019-08-19 12:12:00,9625,,114.9700012
733,2019-08-19 12:13:00,9625,1.25,111.7600022
734,2019-08-19 12:14:00,9625,1.25,111.6900024
735,2019-08-19 12:15:00,9625,1.2708337625,116.2333222
736,2019-08-19 12:16:00,9625,1.354166275,116.433319
737,2019-08-19 12:17:00,9625,1.4791663,114.75
738,2019-08-19 12:18:00,9625,1.6458337,116.5333024
739,2019-08-19 12:19:00,9625,1.749999975,118.263321
740,2019-08-19 12:20:00,9625,1.749999975,118.3633194
741,2019-08-19 12:21:00,9625,1.749999975,118.4766616
742,2019-08-19 12:22:00,9625,1.749999975,118.393303
743,2019-08-19 12:23:00,9625,1.749999975,117.7133026
744,2019-08-19 12:24:00,9625,1.7083337875,115.9366608
745,2019-08-19 12:25:00,9625,1.6249999375,113.5999832
746,2019-08-19 12:26:00,9625,1.604166175,112.893303
747,2019-08-19 12:27:00,9625,1.604166175,114.7699814
748,2019-08-19 12:28:00,9625,1.6249999375,116.9766616
749,2019-08-19 12:29:00,9625,1.6249999375,114.5333024
750,2019-08-19 12:30:00,9625,1.6249999375,114.246643
751,2019-08-19 12:31:00,9625,1.6249999375,117.1399994
752,2019-08-19 12:32:00,9625,1.6249999375,116.9100036
753,2019-08-19 12:33:00,9625,1.6249999375,115.9833222
754,2019-08-19 12:34:00,9625,1.6249999375,114.366661
755,2019-08-19 12:35:00,9625,1.5833337625,111.3766632
756,2019-08-19 12:36:00,9625,1.5833337625,114.183319
757,2019-08-19 12:37:00,9625,1.6249999375,113.6233216
758,2019-08-19 12:38:00,9625,1.6249999375,112.1800004
759,2019-08-19 12:39:00,9625,1.6249999375,114.2200012
760,2019-08-19 12:40:00,9625,1.604166175,115.5866622
761,2019-08-19 12:41:00,9625,1.6249999375,112.47332
762,2019-08-19 12:42:00,9625,1.6249999375,110.7600022
763,2019-08-19 12:43:00,9625,1.6249999375,112.8733216
764,2019-08-19 12:44:00,9625,1.5833337625,114.6733016
765,2019-08-19 12:45:00,9625,1.458333725,112.790001
766,2019-08-19 12:46:00,9625,1.2708337625,115.5599822
767,2019-08-19 12:47:00,9625,1.25,115.1266632
768,2019-08-19 12:48:00,9625,1.25,112.9666596
769,2019-08-19 12:49:00,9625,1.14583373125,109.2333222
770,2019-08-19 12:50:00,9625,1.020833775,107.433319
771,2019-08-19 12:51:00,9625,1.000000015,112.1399994
772,2019-08-19 12:52:00,9625,1.000000015,112.5066604
773,2019-08-19 12:53:00,9625,1.000000015,114.2600022
774,2019-08-19 12:54:00,9625,1.000000015,114.7600022
775,2019-08-19 12:55:00,9625,0.979166255,116.433319
776,2019-08-19 12:56:00,9625,1.000000015,116.9433212
777,2019-08-19 12:57:00,9625,1.12499997,115.9633026
778,2019-08-19 12:58:00,9625,1.12499997,116.8166428
779,2019-08-19 12:59:00,9625,1.166666225,118.1399994
780,2019-08-19 13:00:00,9625,1.166666225,118.589981
781,2019-08-19 13:01:00,9625,1.12499997,117.2266616
782,2019-08-19 13:02:00,9625,1.12499997,114.8866424
783,2019-08-19 13:03:00,9625,1.020833775,112.6766434
784,2019-08-19 13:04:00,9625,1.000000015,111.9566422
785,2019-08-19 13:05:00,9625,1.000000015,114.7866592
786,2019-08-19 13:06:00,9625,1.000000015,115.5966416
787,2019-08-19 13:07:00,9625,1.06250003,115.366661
788,2019-08-19 13:08:00,9625,1.22916624,114.183319
789,2019-08-19 13:09:00,9625,1.187499985,112.523323
790,2019-08-19 13:10:00,9625,1.25,113.013321
791,2019-08-19 13:11:00,9625,1.25,114.2699814
792,2019-08-19 13:12:00,9625,1.25,116.0933228
793,2019-08-19 13:13:00,9625,1.08333371625,116.4400024
794,2019-08-19 13:14:00,9625,1.020833775,114.3566436
795,2019-08-19 13:15:00,9625,1.000000015,113.6900024
796,2019-08-19 13:16:00,9625,1.000000015,113.1999816
797,2019-08-19 13:17:00,9625,1.020833775,114.4800034
798,2019-08-19 13:18:00,9625,1.12499997,115.1633224
799,2019-08-19 13:19:00,9625,1.12499997,115.9899826
800,2019-08-19 13:20:00,9625,1.25,117.790001
801,2019-08-19 13:21:00,9625,1.291666175,116.0733032
802,2019-08-19 13:22:00,9625,1.375000025,116.3300018
803,2019-08-19 13:23:00,9625,1.25,117.0433198
804,2019-08-19 13:24:00,9625,1.208333745,114.8633194
805,2019-08-19 13:25:00,9625,1.04166626875,114.1100006
806,2019-08-19 13:26:00,9625,1.020833775,114.0
807,2019-08-19 13:27:00,9625,1.000000015,115.0766602
808,2019-08-19 13:28:00,9625,0.9375,115.6600036
809,2019-08-19 13:29:00,9625,0.9375,115.103302
810,2019-08-19 13:30:00,9625,1.000000015,116.2866592
811,2019-08-19 13:31:00,9625,1.10416628375,114.2399826
812,2019-08-19 13:32:00,9625,1.14583373125,113.7933198
813,2019-08-19 13:33:00,9625,1.3124999375,115.263321
814,2019-08-19 13:34:00,9625,1.25,113.9000016
815,2019-08-19 13:35:00,9625,1.25,113.7699814
816,2019-08-19 13:36:00,9625,1.12499997,112.6900024
817,2019-08-19 13:37:00,9625,1.10416628375,111.9099808
818,2019-08-19 13:38:00,9625,1.000000015,114.116661
819,2019-08-19 13:39:00,9625,0.9375,116.379982
820,2019-08-19 13:40:00,9625,0.79166628375,115.3966598
821,2019-08-19 13:41:00,9625,0.79166628375,115.1066436
822,2019-08-19 13:42:00,9625,0.77083371625,115.0833206
823,2019-08-19 13:43:00,9625,0.854166225,115.3499832
824,2019-08-19 13:44:00,9625,0.854166225,114.8233032
825,2019-08-19 13:45:00,9625,0.9375,113.6366424
826,2019-08-19 13:46:00,9625,1.04166626875,115.9833222
827,2019-08-19 13:47:00,9625,1.12499997,115.7299804
828,2019-08-19 13:48:00,9625,1.12499997,114.3333206
829,2019-08-19 13:49:00,9625,1.208333745,115.800003
830,2019-08-19 13:50:00,9625,1.25,116.3033218
831,2019-08-19 13:51:00,9625,1.3124999375,117.2799836
832,2019-08-19 13:52:00,9625,1.375000025,114.7966614
833,2019-08-19 13:53:00,9625,1.5000000625,114.6100006
834,2019-08-19 13:54:00,9625,1.5625,114.813301
835,2019-08-19 13:55:00,9625,1.687500025,115.6100006
836,2019-08-19 13:56:00,9625,1.770833725,116.406662
837,2019-08-19 13:57:00,9625,1.875,117.550003
838,2019-08-19 13:58:00,9625,1.875,113.5266418
839,2019-08-19 13:59:00,9625,1.875,109.5999832
840,2019-08-19 14:00:00,9625,1.8125000625,111.5833206
841,2019-08-19 14:01:00,9625,1.749999975,114.1200028
842,2019-08-19 14:02:00,9625,1.749999975,116.3733216
843,2019-08-19 14:03:00,9625,1.8125000625,115.5599822
844,2019-08-19 14:04:00,9625,1.749999975,110.4933014
845,2019-08-19 14:05:00,9625,1.6458337,107.7533036
846,2019-08-19 14:06:00,9625,1.6249999375,110.353302
847,2019-08-19 14:07:00,9625,1.5833337625,114.2066422
848,2019-08-19 14:08:00,9625,1.520833825,115.393303
849,2019-08-19 14:09:00,9625,1.437499975,113.7299804
850,2019-08-19 14:10:00,9625,1.375000025,114.366661
851,2019-08-19 14:11:00,9625,1.375000025,113.5566636
852,2019-08-19 14:12:00,9625,1.375000025,114.2200012
853,2019-08-19 14:13:00,9625,1.4166662125,112.5566636
854,2019-08-19 14:14:00,9625,1.458333725,112.4166412
855,2019-08-19 14:15:00,9625,1.5000000625,112.8899994
856,2019-08-19 14:16:00,9625,1.6458337,111.6066436
857,2019-08-19 14:17:00,9625,1.6249999375,111.4300004
858,2019-08-19 14:18:00,9625,1.7083337875,110.1266632
859,2019-08-19 14:19:00,9625,1.7291662125,108.8099822
860,2019-08-19 14:20:00,9625,1.749999975,108.2699814
861,2019-08-19 14:21:00,9625,1.749999975,111.6333236
862,2019-08-19 14:22:00,9625,1.749999975,114.5
863,2019-08-19 14:23:00,9625,1.7291662125,113.4799804
864,2019-08-19 14:24:00,9625,1.749999975,114.040001
865,2019-08-19 14:25:00,9625,1.749999975,116.946663
866,2019-08-19 14:26:00,9625,1.6458337,116.273323
867,2019-08-19 14:27:00,9625,1.5625,113.3733216
868,2019-08-19 14:28:00,9625,1.6249999375,114.3033218
869,2019-08-19 14:29:00,9625,1.6249999375,118.6766434
870,2019-08-19 14:30:00,9625,1.666666275,119.5999832
871,2019-08-19 14:31:00,9625,1.7083337875,114.4233016
872,2019-08-19 14:32:00,9625,1.8541662375,111.8566436
873,2019-08-19 14:33:00,9625,2.000000025,114.683319
874,2019-08-19 14:34:00,9625,2.000000025,116.4700012
875,2019-08-19 14:35:00,9625,1.9583337,115.2766418
876,2019-08-19 14:36:00,9625,1.916666175,115.866661
877,2019-08-19 14:37:00,9625,2.000000025,117.6133194
878,2019-08-19 14:38:00,9625,1.875,116.4400024
879,2019-08-19 14:39:00,9625,1.875,114.616661
880,2019-08-19 14:40:00,9625,1.875,115.643303
881,2019-08-19 14:41:00,9625,1.9583337,118.040001
882,2019-08-19 14:42:00,9625,1.8958337625,115.1533204
883,2019-08-19 14:43:00,9625,1.8125000625,115.4366608
884,2019-08-19 14:44:00,9625,1.7291662125,115.406662
885,2019-08-19 14:45:00,9625,1.6249999375,113.2799836
886,2019-08-19 14:46:00,9625,1.5625,112.1933212
887,2019-08-19 14:47:00,9625,1.437499975,114.563301
888,2019-08-19 14:48:00,9625,1.375000025,114.5033036
889,2019-08-19 14:49:00,9625,1.375000025,116.1066436
890,2019-08-19 14:50:00,9625,1.437499975,116.8333206
891,2019-08-19 14:51:00,9625,1.5000000625,115.4899826
892,2019-08-19 14:52:00,9625,1.5000000625,115.0699996
893,2019-08-19 14:53:00,9625,1.5000000625,115.8499832
894,2019-08-19 14:54:00,9625,1.6249999375,114.8166428
895,2019-08-19 14:55:00,9625,1.6249999375,115.3433228
896,2019-08-19 14:56:00,9625,1.749999975,115.7333222
897,2019-08-19 14:57:00,9625,1.749999975,115.853302
898,2019-08-19 14:58:00,9625,1.749999975,114.7966614
899,2019-08-19 14:59:00,9625,1.770833725,115.1900024
900,2019-08-19 15:00:00,9625,1.916666175,115.6100006
901,2019-08-19 15:01:00,9625,1.875,116.7866592
902,2019-08-19 15:02:00,9625,1.833333825,116.7033234
903,2019-08-19 15:03:00,9625,1.749999975,114.7866592
904,2019-08-19 15:04:00,9625,1.749999975,113.1933212
905,2019-08-19 15:05:00,9625,1.687500025,114.9666596
906,2019-08-19 15:06:00,9625,1.5625,118.5299836
907,2019-08-19 15:07:00,9625,1.5000000625,118.3233032
908,2019-08-19 15:08:00,9625,1.458333725,119.1266632
909,2019-08-19 15:09:00,9625,1.458333725,119.0666428
910,2019-08-19 15:10:00,9625,1.4791663,119.3733216
911,2019-08-19 15:11:00,9625,1.3958337875,117.4000016
912,2019-08-19 15:12:00,9625,1.5000000625,117.2333222
913,2019-08-19 15:13:00,9625,1.4166662125,119.3966598
914,2019-08-19 15:14:00,9625,1.3958337875,117.8733216
915,2019-08-19 15:15:00,9625,1.5000000625,117.996643
916,2019-08-19 15:16:00,9625,1.5000000625,117.853302
917,2019-08-19 15:17:00,9625,1.5000000625,117.0366592
918,2019-08-19 15:18:00,9625,1.4791663,114.906662
919,2019-08-19 15:19:00,9625,1.4166662125,114.6266632
920,2019-08-19 15:20:00,9625,1.5000000625,117.2566604
921,2019-08-19 15:21:00,9625,1.458333725,118.0333024
922,2019-08-19 15:22:00,9625,1.375000025,117.1866608
923,2019-08-19 15:23:00,9625,1.375000025,116.2299804
924,2019-08-19 15:24:00,9625,1.4166662125,118.5666428
925,2019-08-19 15:25:00,9625,1.4791663,120.4033204
926,2019-08-19 15:26:00,9625,1.5000000625,120.5933228
927,2019-08-19 15:27:00,9625,1.4791663,121.6066436
928,2019-08-19 15:28:00,9625,1.458333725,122.1133194
929,2019-08-19 15:29:00,9625,1.5000000625,122.9666596
930,2019-08-19 15:30:00,9625,1.520833825,121.0
931,2019-08-19 15:31:00,9625,1.604166175,117.9800034
932,2019-08-19 15:32:00,9625,1.6249999375,116.1233216
933,2019-08-19 15:33:00,9625,1.7291662125,118.5266418
934,2019-08-19 15:34:00,9625,1.749999975,119.7333222
935,2019-08-19 15:35:00,9625,1.7291662125,117.6233216
936,2019-08-19 15:36:00,9625,1.666666275,117.236641
937,2019-08-19 15:37:00,9625,1.6249999375,116.3866424
938,2019-08-19 15:38:00,9625,1.687500025,113.746643
939,2019-08-19 15:39:00,9625,1.666666275,111.9633026
940,2019-08-19 15:40:00,9625,1.6249999375,112.236641
941,2019-08-19 15:41:00,9625,1.6249999375,118.800003
942,2019-08-19 15:42:00,9625,1.6249999375,122.3966598
943,2019-08-19 15:43:00,9625,1.5833337625,118.4000016
944,2019-08-19 15:44:00,9625,1.5833337625,115.4100036
945,2019-08-19 15:45:00,9625,1.5833337625,114.9233016
946,2019-08-19 15:46:00,9625,1.5416662375,115.6666412
947,2019-08-19 15:47:00,9625,1.5000000625,120.2666626
948,2019-08-19 15:48:00,9625,1.458333725,122.379982
949,2019-08-19 15:49:00,9625,1.3958337875,123.5666428
950,2019-08-19 15:50:00,9625,1.3333337,125.3600006
951,2019-08-19 15:51:00,9625,1.25,122.7533036
952,2019-08-19 15:52:00,9625,1.187499985,123.3966598
953,2019-08-19 15:53:00,9625,1.187499985,124.5433198
954,2019-08-19 15:54:00,9625,1.25,123.4833222
955,2019-08-19 15:55:00,9625,1.2708337625,122.6766434
956,2019-08-19 15:56:00,9625,1.375000025,118.853302
957,2019-08-19 15:57:00,9625,1.375000025,117.25
958,2019-08-19 15:58:00,9625,1.375000025,117.669983
959,2019-08-19 15:59:00,9625,1.375000025,120.4766616
960,2019-08-19 16:00:00,9625,1.375000025,119.746643
961,2019-08-19 16:01:00,9625,1.375000025,120.4633026
962,2019-08-19 16:02:00,9625,1.354166275,123.2866592
963,2019-08-19 16:03:00,9625,1.375000025,121.3733216
964,2019-08-19 16:04:00,9625,1.375000025,118.7600022
965,2019-08-19 16:05:00,9625,1.375000025,118.8466416
966,2019-08-19 16:06:00,9625,1.375000025,118.169983
967,2019-08-19 16:07:00,9625,1.4791663,117.8866424
968,2019-08-19 16:08:00,9625,1.5625,118.1199798
969,2019-08-19 16:09:00,9625,1.5833337625,117.47332
970,2019-08-19 16:10:00,9625,1.687500025,120.3499832
971,2019-08-19 16:11:00,9625,1.749999975,120.1633224
972,2019-08-19 16:12:00,9625,1.833333825,119.0299836
973,2019-08-19 16:13:00,9625,1.875,118.103302
974,2019-08-19 16:14:00,9625,1.875,116.0933228
975,2019-08-19 16:15:00,9625,1.8958337625,116.4933014
976,2019-08-19 16:16:00,9625,1.875,113.050003
977,2019-08-19 16:17:00,9625,1.833333825,111.9233016
978,2019-08-19 16:18:00,9625,1.749999975,111.7200012
979,2019-08-19 16:19:00,9625,1.749999975,111.2133026
980,2019-08-19 16:20:00,9625,1.770833725,109.246643
981,2019-08-19 16:21:00,9625,1.875,107.5666428
982,2019-08-19 16:22:00,9625,1.8958337625,107.4266434
983,2019-08-19 16:23:00,9625,1.9374999375,107.8066636
984,2019-08-19 16:24:00,9625,2.000000025,110.263321
985,2019-08-19 16:25:00,9625,2.000000025,110.366661
986,2019-08-19 16:26:00,9625,2.0416662125,109.0933228
987,2019-08-19 16:27:00,9625,2.0208337875,109.47332
988,2019-08-19 16:28:00,9625,2.000000025,113.5666428
989,2019-08-19 16:29:00,9625,1.916666175,114.4400024
990,2019-08-19 16:30:00,9625,1.8958337625,111.893303
991,2019-08-19 16:31:00,9625,1.9374999375,113.25
992,2019-08-19 16:32:00,9625,1.9583337,113.3600006
993,2019-08-19 16:33:00,9625,2.000000025,111.8766632
994,2019-08-19 16:34:00,9625,2.000000025,109.0533218
995,2019-08-19 16:35:00,9625,2.000000025,110.8300018
996,2019-08-19 16:36:00,9625,2.0208337875,109.8433228
997,2019-08-19 16:37:00,9625,2.000000025,108.4499816
998,2019-08-19 16:38:00,9625,2.000000025,106.8633194
999,2019-08-19 16:39:00,9625,2.0208337875,106.996643
1000,2019-08-19 16:40:00,9625,2.000000025,109.3899994
1001,2019-08-19 16:41:00,9625,2.000000025,108.3066636
1002,2019-08-19 16:42:00,9625,1.979166275,107.7299804
1003,2019-08-19 16:43:00,9625,1.8958337625,111.6633224
1004,2019-08-19 16:44:00,9625,1.875,113.1266632
1005,2019-08-19 16:45:00,9625,1.8125000625,113.866661
1006,2019-08-19 16:46:00,9625,1.7083337875,116.5566636
1007,2019-08-19 16:47:00,9625,1.687500025,117.5366592
1008,2019-08-19 16:48:00,9625,1.7291662125,114.9033204
1009,2019-08-19 16:49:00,9625,1.749999975,110.8899994
1010,2019-08-19 16:50:00,9625,1.7291662125,109.4300004
1011,2019-08-19 16:51:00,9625,1.687500025,111.9233016
1012,2019-08-19 16:52:00,9625,1.7291662125,113.459999
1013,2019-08-19 16:53:00,9625,1.7291662125,112.1399994
1014,2019-08-19 16:54:00,9625,1.6249999375,112.2299804
1015,2019-08-19 16:55:00,9625,1.6249999375,114.9633026
1016,2019-08-19 16:56:00,9625,1.5000000625,118.3966598
1017,2019-08-19 16:57:00,9625,1.5000000625,117.7033234
1018,2019-08-19 16:58:00,9625,1.604166175,115.0166626
1019,2019-08-19 16:59:00,9625,1.6249999375,111.6766434
1020,2019-08-19 17:00:00,9625,1.6249999375,112.1233216
1021,2019-08-19 17:01:00,9625,1.5000000625,108.2933198
1022,2019-08-19 17:02:00,9625,1.5000000625,105.5566636
1023,2019-08-19 17:03:00,9625,1.5000000625,107.589981
1024,2019-08-19 17:04:00,9625,1.5000000625,106.879982
1025,2019-08-19 17:05:00,9625,1.375000025,110.0599822
1026,2019-08-19 17:06:00,9625,1.375000025,112.4233016
1027,2019-08-19 17:07:00,9625,1.375000025,109.3600006
1028,2019-08-19 17:08:00,9625,1.3958337875,111.6333236
1029,2019-08-19 17:09:00,9625,1.3958337875,107.946663
1030,2019-08-19 17:10:00,9625,1.375000025,106.2866592
1031,2019-08-19 17:11:00,9625,1.375000025,107.129982
1032,2019-08-19 17:12:00,9625,1.3958337875,106.3266602
1033,2019-08-19 17:13:00,9625,1.5000000625,105.1933212
1034,2019-08-19 17:14:00,9625,1.5000000625,103.5866622
1035,2019-08-19 17:15:00,9625,1.5000000625,102.0699996
1036,2019-08-19 17:16:00,9625,1.604166175,104.0199814
1037,2019-08-19 17:17:00,9625,1.6249999375,106.1133194
1038,2019-08-19 17:18:00,9625,1.7083337875,106.196663
1039,2019-08-19 17:19:00,9625,1.6249999375,107.0299836
1040,2019-08-19 17:20:00,9625,1.5833337625,104.8833236
1041,2019-08-19 17:21:00,9625,1.6249999375,102.9233016
1042,2019-08-19 17:22:00,9625,1.6249999375,106.8866424
1043,2019-08-19 17:23:00,9625,1.6249999375,104.2833024
1044,2019-08-19 17:24:00,9625,1.6458337,102.5666428
1045,2019-08-19 17:25:00,9625,1.6249999375,105.3499832
1046,2019-08-19 17:26:00,9625,1.6249999375,105.523323
1047,2019-08-19 17:27:00,9625,1.6249999375,106.6933212
1048,2019-08-19 17:28:00,9625,1.6249999375,105.4766616
1049,2019-08-19 17:29:00,9625,1.6249999375,104.3199996
1050,2019-08-19 17:30:00,9625,1.6249999375,102.9133224
1051,2019-08-19 17:31:00,9625,1.7291662125,101.7799836
1052,2019-08-19 17:32:00,9625,1.770833725,101.97332
1053,2019-08-19 17:33:00,9625,1.770833725,102.5566636
1054,2019-08-19 17:34:00,9625,1.7916663,98.9566422
1055,2019-08-19 17:35:00,9625,1.875,98.656662
1056,2019-08-19 17:36:00,9625,1.875,97.8366622
1057,2019-08-19 17:37:00,9625,1.875,97.1100006
1058,2019-08-19 17:38:00,9625,1.875,98.9033204
1059,2019-08-19 17:39:00,9625,1.875,97.4100036
1060,2019-08-19 17:40:00,9625,2.000000025,100.0566636
1061,2019-08-19 17:41:00,9625,2.0208337875,101.6633224
1062,2019-08-19 17:42:00,9625,2.1250000625,99.6666412
1063,2019-08-19 17:43:00,9625,2.145833825,102.0699996
1064,2019-08-19 17:44:00,9625,2.145833825,98.3033218
1065,2019-08-19 17:45:00,9625,2.1250000625,98.4499816
1066,2019-08-19 17:46:00,9625,2.1041663,99.8566436
1067,2019-08-19 17:47:00,9625,2.000000025,99.1766434
1068,2019-08-19 17:48:00,9625,1.9583337,99.2266616
1069,2019-08-19 17:49:00,9625,1.8958337625,98.3366622
1070,2019-08-19 17:50:00,9625,1.875,96.496643
1071,2019-08-19 17:51:00,9625,1.875,96.6500016
1072,2019-08-19 17:52:00,9625,1.770833725,101.6733016
1073,2019-08-19 17:53:00,9625,1.749999975,103.9833222
1074,2019-08-19 17:54:00,9625,1.749999975,104.9666596
1075,2019-08-19 17:55:00,9625,1.7083337875,100.2533036
1076,2019-08-19 17:56:00,9625,1.666666275,102.366661
1077,2019-08-19 17:57:00,9625,1.6249999375,99.050003
1078,2019-08-19 17:58:00,9625,1.6249999375,99.3633194
1079,2019-08-19 17:59:00,9625,1.6249999375,103.3499832
1080,2019-08-19 18:00:00,9625,1.749999975,104.6800004
1081,2019-08-19 18:01:00,9625,1.8125000625,103.063301
1082,2019-08-19 18:02:00,9625,1.875,100.5699996
1083,2019-08-19 18:03:00,9625,1.9583337,98.5299836
1084,2019-08-19 18:04:00,9625,2.000000025,97.616661
1085,2019-08-19 18:05:00,9625,2.000000025,96.353302
1086,2019-08-19 18:06:00,9625,2.000000025,94.563301
1087,2019-08-19 18:07:00,9625,2.0208337875,95.1900024
1088,2019-08-19 18:08:00,9625,2.000000025,93.8033218
1089,2019-08-19 18:09:00,9625,2.000000025,94.1633224
1090,2019-08-19 18:10:00,9625,2.0208337875,95.1733016
1091,2019-08-19 18:11:00,9625,2.1041663,96.5433198
1092,2019-08-19 18:12:00,9625,2.000000025,96.656662
1093,2019-08-19 18:13:00,9625,2.000000025,96.0166626
1094,2019-08-19 18:14:00,9625,2.000000025,98.8099822
1095,2019-08-19 18:15:00,9625,2.000000025,100.263321
1096,2019-08-19 18:16:00,9625,1.8958337625,97.669983
1097,2019-08-19 18:17:00,9625,1.875,97.2033234
1098,2019-08-19 18:18:00,9625,1.875,97.5533218
1099,2019-08-19 18:19:00,9625,1.875,97.2933198
1100,2019-08-19 18:20:00,9625,1.875,99.8499832
1101,2019-08-19 18:21:00,9625,1.749999975,95.9366608
1102,2019-08-19 18:22:00,9625,1.7291662125,95.023323
1103,2019-08-19 18:23:00,9625,1.6249999375,100.7200012
1104,2019-08-19 18:24:00,9625,1.5625,99.839981
1105,2019-08-19 18:25:00,9625,1.458333725,99.5833206
1106,2019-08-19 18:26:00,9625,1.375000025,100.8633194
1107,2019-08-19 18:27:00,9625,1.3333337,100.9166412
1108,2019-08-19 18:28:00,9625,1.25,99.4799804
1109,2019-08-19 18:29:00,9625,1.25,98.446663
1110,2019-08-19 18:30:00,9625,1.25,98.0666428
1111,2019-08-19 18:31:00,9625,1.25,92.7933198
1112,2019-08-19 18:32:00,9625,1.3124999375,93.6133194
1113,2019-08-19 18:33:00,9625,1.4166662125,95.9833222
1114,2019-08-19 18:34:00,9625,1.5000000625,97.156662
1115,2019-08-19 18:35:00,9625,1.520833825,100.0299836
1116,2019-08-19 18:36:00,9625,1.6249999375,98.8866424
1117,2019-08-19 18:37:00,9625,1.749999975,97.0466614
1118,2019-08-19 18:38:00,9625,1.7083337875,97.736641
1119,2019-08-19 18:39:00,9625,1.6249999375,97.3233032
1120,2019-08-19 18:40:00,9625,1.6249999375,94.7600022
1121,2019-08-19 18:41:00,9625,1.7083337875,89.6466598
1122,2019-08-19 18:42:00,9625,1.7916663,87.2333222
1123,2019-08-19 18:43:00,9625,1.749999975,88.6399994
1124,2019-08-19 18:44:00,9625,1.833333825,89.6466598
1125,2019-08-19 18:45:00,9625,1.979166275,90.7533036
1126,2019-08-19 18:46:00,9625,2.083333725,92.4533234
1127,2019-08-19 18:47:00,9625,2.1250000625,89.4833222
1128,2019-08-19 18:48:00,9625,2.1666662375,93.643303
1129,2019-08-19 18:49:00,9625,2.1875,91.7799836
1130,2019-08-19 18:50:00,9625,2.1250000625,94.7200012
1131,2019-08-19 18:51:00,9625,2.1250000625,94.6399994
1132,2019-08-19 18:52:00,9625,2.083333725,98.5833206
1133,2019-08-19 18:53:00,9625,2.083333725,102.9300004
1134,2019-08-19 18:54:00,9625,2.083333725,100.8266602
1135,2019-08-19 18:55:00,9625,1.875,101.986641
1136,2019-08-19 18:56:00,9625,1.749999975,101.629982
1137,2019-08-19 18:57:00,9625,1.770833725,100.4833222
1138,2019-08-19 18:58:00,9625,1.749999975,98.1333236
1139,2019-08-19 18:59:00,9625,1.6249999375,95.893303
1140,2019-08-19 19:00:00,9625,1.604166175,98.1900024
1141,2019-08-19 19:01:00,9625,1.5833337625,98.4700012
1142,2019-08-19 19:02:00,9625,1.5000000625,99.6866608
1143,2019-08-19 19:03:00,9625,1.5000000625,99.8899994
1144,2019-08-19 19:04:00,9625,1.5833337625,101.0833206
1145,2019-08-19 19:05:00,9625,1.6458337,100.0199814
1146,2019-08-19 19:06:00,9625,1.749999975,97.290001
1147,2019-08-19 19:07:00,9625,1.749999975,96.0433198
1148,2019-08-19 19:08:00,9625,1.749999975,97.9300004
1149,2019-08-19 19:09:00,9625,1.770833725,95.986641
1150,2019-08-19 19:10:00,9625,1.770833725,90.8199996
1151,2019-08-19 19:11:00,9625,1.6249999375,86.47332
1152,2019-08-19 19:12:00,9625,1.749999975,89.5266418
1153,2019-08-19 19:13:00,9625,1.749999975,91.5999832
1154,2019-08-19 19:14:00,9625,1.770833725,93.5166626
1155,2019-08-19 19:15:00,9625,1.8541662375,92.6800004
1156,2019-08-19 19:16:00,9625,1.875,95.0
1157,2019-08-19 19:17:00,9625,1.875,98.0033036
1158,2019-08-19 19:18:00,9625,1.7916663,93.3633194
1159,2019-08-19 19:19:00,9625,1.666666275,88.7933198
1160,2019-08-19 19:20:00,9625,1.749999975,92.9700012
1161,2019-08-19 19:21:00,9625,1.749999975,95.6266632
1162,2019-08-19 19:22:00,9625,1.749999975,95.063301
1163,2019-08-19 19:23:00,9625,1.7916663,93.0666428
1164,2019-08-19 19:24:00,9625,1.875,85.9666596
1165,2019-08-19 19:25:00,9625,1.9583337,84.986641
1166,2019-08-19 19:26:00,9625,2.000000025,82.9533234
1167,2019-08-19 19:27:00,9625,2.000000025,86.5800018
1168,2019-08-19 19:28:00,9625,2.000000025,90.1133194
1169,2019-08-19 19:29:00,9625,2.000000025,91.0266418
1170,2019-08-19 19:30:00,9625,2.000000025,94.1600036
1171,2019-08-19 19:31:00,9625,2.000000025,99.6866608
1172,2019-08-19 19:32:00,9625,1.833333825,98.47332
1173,2019-08-19 19:33:00,9625,1.875,98.0266418
1174,2019-08-19 19:34:00,9625,1.875,97.7799836
1175,2019-08-19 19:35:00,9625,1.875,97.7299804
1176,2019-08-19 19:36:00,9625,1.875,99.089981
1177,2019-08-19 19:37:00,9625,1.875,99.5433198
1178,2019-08-19 19:38:00,9625,1.875,98.8899994
1179,2019-08-19 19:39:00,9625,1.833333825,98.433319
1180,2019-08-19 19:40:00,9625,1.749999975,98.2966614
1181,2019-08-19 19:41:00,9625,1.749999975,97.8699798
1182,2019-08-19 19:42:00,9625,1.687500025,98.7133026
1183,2019-08-19 19:43:00,9625,1.6249999375,96.8633194
1184,2019-08-19 19:44:00,9625,1.6458337,97.1200028
1185,2019-08-19 19:45:00,9625,1.687500025,98.050003
1186,2019-08-19 19:46:00,9625,1.749999975,97.4166412
1187,2019-08-19 19:47:00,9625,1.749999975,96.6366424
1188,2019-08-19 19:48:00,9625,1.7916663,95.2266616
1189,2019-08-19 19:49:00,9625,1.770833725,95.8733216
1190,2019-08-19 19:50:00,9625,1.833333825,96.0199814
1191,2019-08-19 19:51:00,9625,1.875,94.0666428
1192,2019-08-19 19:52:00,9625,1.875,93.1066436
1193,2019-08-19 19:53:00,9625,1.916666175,93.0933228
1194,2019-08-19 19:54:00,9625,1.9374999375,92.7699814
1195,2019-08-19 19:55:00,9625,2.000000025,94.2566604
1196,2019-08-19 19:56:00,9625,2.000000025,93.9833222
1197,2019-08-19 19:57:00,9625,2.000000025,94.3433228
1198,2019-08-19 19:58:00,9625,2.0416662125,93.8366622
1199,2019-08-19 19:59:00,9625,2.083333725,93.5966416
1200,2019-08-19 20:00:00,9625,2.000000025,93.5833206
1201,2019-08-19 20:01:00,9625,1.979166275,93.7066422
1202,2019-08-19 20:02:00,9625,1.875,93.7066422
1203,2019-08-19 20:03:00,9625,1.8958337625,93.246643
1204,2019-08-19 20:04:00,9625,2.000000025,93.946663
1205,2019-08-19 20:05:00,9625,1.8958337625,94.3166428
1206,2019-08-19 20:06:00,9625,1.8958337625,94.5999832
1207,2019-08-19 20:07:00,9625,2.000000025,93.6466598
1208,2019-08-19 20:08:00,9625,1.8958337625,93.2066422
1209,2019-08-19 20:09:00,9625,1.979166275,92.5299836
1210,2019-08-19 20:10:00,9625,1.9583337,90.800003
1211,2019-08-19 20:11:00,9625,1.875,90.9233016
1212,2019-08-19 20:12:00,9625,1.916666175,90.4700012
1213,2019-08-19 20:13:00,9625,1.875,88.6366424
1214,2019-08-19 20:14:00,9625,1.916666175,83.629982
1215,2019-08-19 20:15:00,9625,2.000000025,80.513321
1216,2019-08-19 20:16:00,9625,2.000000025,79.129982
1217,2019-08-19 20:17:00,9625,1.9583337,82.8033218
1218,2019-08-19 20:18:00,9625,2.000000025,82.696663
1219,2019-08-19 20:19:00,9625,2.0208337875,81.5266418
1220,2019-08-19 20:20:00,9625,2.000000025,81.6399994
1221,2019-08-19 20:21:00,9625,2.0208337875,81.5466614
1222,2019-08-19 20:22:00,9625,2.1041663,78.209999
1223,2019-08-19 20:23:00,9625,2.1250000625,74.5433198
1224,2019-08-19 20:24:00,9625,2.1250000625,72.1733016
1225,2019-08-19 20:25:00,9625,2.145833825,69.6399994
1226,2019-08-19 20:26:00,9625,2.2499999375,67.7066422
1227,2019-08-19 20:27:00,9625,2.312500025,71.8300018
1228,2019-08-19 20:28:00,9625,2.374999975,71.9666596
1229,2019-08-19 20:29:00,9625,2.374999975,73.1399994
1230,2019-08-19 20:30:00,9625,2.4375000625,71.353302
1231,2019-08-19 20:31:00,9625,2.58333385,68.2699814
1232,2019-08-19 20:32:00,9625,2.604166275,65.879982
1233,2019-08-19 20:33:00,9625,2.604166275,62.4700012
1234,2019-08-19 20:34:00,9625,2.624999875,60.2966614
1235,2019-08-19 20:35:00,9625,2.624999875,60.75
1236,2019-08-19 20:36:00,9625,2.624999875,60.5499992
1237,2019-08-19 20:37:00,9625,2.624999875,61.696659
1238,2019-08-19 20:38:00,9625,2.6666662125,62.183319
1239,2019-08-19 20:39:00,9625,2.708333725,61.3932992
1240,2019-08-19 20:40:00,9625,2.7500000625,62.9033204
1241,2019-08-19 20:41:00,9625,2.7500000625,64.4366608
1242,2019-08-19 20:42:00,9625,2.7500000625,68.9233016
1243,2019-08-19 20:43:00,9625,2.8125,70.736641
1244,2019-08-19 20:44:00,9625,2.8749999375,71.5100022
1245,2019-08-19 20:45:00,9625,2.8749999375,71.7033234
1246,2019-08-19 20:46:00,9625,2.687500125,71.6333236
1247,2019-08-19 20:47:00,9625,2.624999875,72.1533204
1248,2019-08-19 20:48:00,9625,2.541666325,70.75
1249,2019-08-19 20:49:00,9625,2.5,70.2833024
1250,2019-08-19 20:50:00,9625,2.5208336125,70.2666626
1251,2019-08-19 20:51:00,9625,2.4166663,69.7333222
1252,2019-08-19 20:52:00,9625,2.3333337875,69.790001
1253,2019-08-19 20:53:00,9625,2.374999975,68.0
1254,2019-08-19 20:54:00,9625,2.374999975,67.9266434
1255,2019-08-19 20:55:00,9625,2.374999975,66.406662
1256,2019-08-19 20:56:00,9625,2.2499999375,66.3333206
1257,2019-08-19 20:57:00,9625,2.2083337625,65.6800004
1258,2019-08-19 20:58:00,9625,2.145833825,65.6066436
1259,2019-08-19 20:59:00,9625,2.1875,70.050003
1260,2019-08-19 21:00:00,9625,2.1250000625,74.103302
1261,2019-08-19 21:01:00,9625,2.1250000625,75.4833222
1262,2019-08-19 21:02:00,9625,2.1250000625,76.1233216
1263,2019-08-19 21:03:00,9625,2.1041663,76.893303
1264,2019-08-19 21:04:00,9625,1.979166275,75.459999
1265,2019-08-19 21:05:00,9625,1.875,76.143303
1266,2019-08-19 21:06:00,9625,1.875,74.8300018
1267,2019-08-19 21:07:00,9625,1.833333825,72.3433228
1268,2019-08-19 21:08:00,9625,1.875,72.6633224
1269,2019-08-19 21:09:00,9625,1.875,74.103302
1270,2019-08-19 21:10:00,9625,1.875,74.7866592
1271,2019-08-19 21:11:00,9625,1.875,75.459999
1272,2019-08-19 21:12:00,9625,1.979166275,76.169983
1273,2019-08-19 21:13:00,9625,2.0208337875,75.0366592
1274,2019-08-19 21:14:00,9625,2.000000025,73.8300018
1275,2019-08-19 21:15:00,9625,1.9583337,74.2600022
1276,2019-08-19 21:16:00,9625,1.875,75.5666428
1277,2019-08-19 21:17:00,9625,1.875,76.0966416
1278,2019-08-19 21:18:00,9625,1.875,76.4533234
1279,2019-08-19 21:19:00,9625,1.770833725,75.996643
1280,2019-08-19 21:20:00,9625,1.7291662125,74.5333024
1281,2019-08-19 21:21:00,9625,1.7083337875,74.8633194
1282,2019-08-19 21:22:00,9625,1.7291662125,76.4133224
1283,2019-08-19 21:23:00,9625,1.749999975,74.4100036
1284,2019-08-19 21:24:00,9625,1.749999975,71.8233032
1285,2019-08-19 21:25:00,9625,1.749999975,68.300003
1286,2019-08-19 21:26:00,9625,1.875,66.0433198
1287,2019-08-19 21:27:00,9625,2.000000025,66.839981
1288,2019-08-19 21:28:00,9625,2.0416662125,67.3899994
1289,2019-08-19 21:29:00,9625,2.1250000625,69.1233216
1290,2019-08-19 21:30:00,9625,2.1250000625,68.1366424
1291,2019-08-19 21:31:00,9625,2.1875,69.47332
1292,2019-08-19 21:32:00,9625,2.2499999375,69.9566422
1293,2019-08-19 21:33:00,9625,2.2499999375,69.3766632
1294,2019-08-19 21:34:00,9625,2.4166663,68.2200012
1295,2019-08-19 21:35:00,9625,2.5208336125,70.7166596
1296,2019-08-19 21:36:00,9625,2.624999875,70.273323
1297,2019-08-19 21:37:00,9625,2.770833675,69.0666428
1298,2019-08-19 21:38:00,9625,2.770833675,69.6600036
1299,2019-08-19 21:39:00,9625,2.8125,68.9700012
1300,2019-08-19 21:40:00,9625,2.8333336125,69.0833206
1301,2019-08-19 21:41:00,9625,2.72916615,68.3566436
1302,2019-08-19 21:42:00,9625,2.58333385,63.7799798
1303,2019-08-19 21:43:00,9625,2.541666325,65.1933212
1304,2019-08-19 21:44:00,9625,2.458333825,64.8433228
1305,2019-08-19 21:45:00,9625,2.5,66.1633224
1306,2019-08-19 21:46:00,9625,2.374999975,68.3199996
1307,2019-08-19 21:47:00,9625,2.3333337875,71.0033036
1308,2019-08-19 21:48:00,9625,2.2499999375,71.22332
1309,2019-08-19 21:49:00,9625,2.229166175,70.1733016
1310,2019-08-19 21:50:00,9625,2.1250000625,70.6900024
1311,2019-08-19 21:51:00,9625,2.1250000625,70.9266434
1312,2019-08-19 21:52:00,9625,2.1250000625,69.7166596
1313,2019-08-19 21:53:00,9625,2.062499975,69.8433228
1314,2019-08-19 21:54:00,9625,1.9583337,69.8066636
1315,2019-08-19 21:55:00,9625,1.9374999375,71.0533218
1316,2019-08-19 21:56:00,9625,1.875,73.0366592
1317,2019-08-19 21:57:00,9625,1.875,72.3899994
1318,2019-08-19 21:58:00,9625,1.7916663,70.9899826
1319,2019-08-19 21:59:00,9625,1.7083337875,70.5733032
1320,2019-08-19 22:00:00,9625,1.749999975,57.4700012
1321,2019-08-19 22:01:00,9625,1.770833725,49.4766616
1322,2019-08-19 22:02:00,9625,1.9583337,32.3766594
1323,2019-08-19 22:03:00,9625,2.2708337,18.03133392
1324,2019-08-19 22:04:00,9625,2.8125,9.54566574
1325,2019-08-19 22:05:00,9625,3.4166663875,11.27266598
1326,2019-08-19 22:06:00,9625,3.97916615,9.0393343
1327,2019-08-19 22:07:00,9625,4.7083336125,8.1896658
1328,2019-08-19 22:08:00,9625,5.208333725,10.12033368
1329,2019-08-19 22:09:00,9625,5.666666025,9.7393341
1330,2019-08-19 22:10:00,9625,5.8749997625,11.64233398
1331,2019-08-19 22:11:00,9625,5.666666025,13.13700008
1332,2019-08-19 22:12:00,9625,5.520833725,13.20733356
1333,2019-08-19 22:13:00,9625,5.291667575,13.9173336
1334,2019-08-19 22:14:00,9625,5.0,13.61266804
1335,2019-08-19 22:15:00,9625,4.729166325,13.86699962
1336,2019-08-19 22:16:00,9625,4.416666325,13.96366596
1337,2019-08-19 22:17:00,9625,4.29166615,13.3486662
1338,2019-08-19 22:18:00,9625,4.2083337875,11.95866584
1339,2019-08-19 22:19:00,9625,4.270833725,9.36166572
1340,2019-08-19 22:20:00,9625,4.5208337875,8.76733398
1341,2019-08-19 22:21:00,9625,4.6250000625,10.65033436
1342,2019-08-19 22:22:00,9625,4.6875,10.84000016
1343,2019-08-19 22:23:00,9625,4.791666275,10.06333446
1344,2019-08-19 22:24:00,9625,4.895833725,10.53633404
1345,2019-08-19 22:25:00,9625,5.0,10.88099956
1346,2019-08-19 22:26:00,9625,4.9375000625,11.69933414
1347,2019-08-19 22:27:00,9625,4.8541662125,11.1026659
1348,2019-08-19 22:28:00,9625,4.875000125,11.92700004
1349,2019-08-19 22:29:00,9625,4.8541662125,10.91366578
1350,2019-08-19 22:30:00,9625,4.875000125,9.84566594
1351,2019-08-19 22:31:00,9625,4.875000125,9.217
1352,2019-08-19 22:32:00,9625,4.875000125,9.42066574
1353,2019-08-19 22:33:00,9625,4.875000125,9.34233188
1354,2019-08-19 22:34:00,9625,4.875000125,9.09433364
1355,2019-08-19 22:35:00,9625,4.91666615,9.11600018
1356,2019-08-19 22:36:00,9625,5.0,7.99800014
1357,2019-08-19 22:37:00,9625,5.0,8.08866596
1358,2019-08-19 22:38:00,9625,5.041666025,8.88599968
1359,2019-08-19 22:39:00,9625,5.0,9.48900032
1360,2019-08-19 22:40:00,9625,5.020832425,11.2276659
1361,2019-08-19 22:41:00,9625,4.895833725,11.47566604
1362,2019-08-19 22:42:00,9625,4.791666275,10.91566562
1363,2019-08-19 22:43:00,9625,4.7499999375,10.6463337
1364,2019-08-19 22:44:00,9625,4.645833675,11.51399994
1365,2019-08-19 22:45:00,9625,4.45833385,13.16233444
1366,2019-08-19 22:46:00,9625,4.375,14.69900036
1367,2019-08-19 22:47:00,9625,4.45833385,15.60133362
1368,2019-08-19 22:48:00,9625,4.3125000625,14.81166554
1369,2019-08-19 22:49:00,9625,4.2083337875,15.43366814
1370,2019-08-19 22:50:00,9625,4.1249999375,15.5856657
1371,2019-08-19 22:51:00,9625,4.0625,15.26866626
1372,2019-08-19 22:52:00,9625,4.0625,17.18566894
1373,2019-08-19 22:53:00,9625,3.9166662125,16.89866638
1374,2019-08-19 22:54:00,9625,3.7708336125,16.61999894
1375,2019-08-19 22:55:00,9625,3.874999875,16.2796669
1376,2019-08-19 22:56:00,9625,3.708333675,15.43700028
1377,2019-08-19 22:57:00,9625,3.75,14.62266636
1378,2019-08-19 22:58:00,9625,3.7291663875,14.4659996
1379,2019-08-19 22:59:00,9625,3.625000125,14.10000038
1380,2019-08-19 23:00:00,9625,3.6041662125,14.55700016
1381,2019-08-19 23:01:00,9625,3.4375,14.6946659
1382,2019-08-19 23:02:00,9625,3.4375,14.17966556
1383,2019-08-19 23:03:00,9625,3.4999999375,13.75233364
1384,2019-08-19 23:04:00,9625,3.479166325,13.6263342
1385,2019-08-19 23:05:00,9625,3.541666275,13.59233188
1386,2019-08-19 23:06:00,9625,3.625000125,11.63766574
1387,2019-08-19 23:07:00,9625,3.75,11.6396656
1388,2019-08-19 23:08:00,9625,3.83333385,11.7869997
1389,2019-08-19 23:09:00,9625,3.791666325,11.90733432
1390,2019-08-19 23:10:00,9625,3.7708336125,13.16033364
1391,2019-08-19 23:11:00,9625,3.7708336125,13.69733428
1392,2019-08-19 23:12:00,9625,3.8124999375,13.07266808
1393,2019-08-19 23:13:00,9625,3.874999875,12.43466568
1394,2019-08-19 23:14:00,9625,3.874999875,12.5010004
1395,2019-08-19 23:15:00,9625,3.9166662125,12.42333412
1396,2019-08-19 23:16:00,9625,4.0833336125,12.3486681
1397,2019-08-19 23:17:00,9625,4.1249999375,12.31666564
1398,2019-08-19 23:18:00,9625,4.1249999375,12.30633354
1399,2019-08-19 23:19:00,9625,4.0000000625,13.11733436
1400,2019-08-19 23:20:00,9625,3.958333725,13.39566802
1401,2019-08-19 23:21:00,9625,3.97916615,13.43799972
1402,2019-08-19 23:22:00,9625,3.874999875,12.85133362
1403,2019-08-19 23:23:00,9625,3.874999875,14.293334
1404,2019-08-19 23:24:00,9625,3.874999875,14.32133198
1405,2019-08-19 23:25:00,9625,3.97916615,13.83100032
1406,2019-08-19 23:26:00,9625,4.0000000625,12.61133384
1407,2019-08-19 23:27:00,9625,4.020833675,12.33766556
1408,2019-08-19 23:28:00,9625,4.0000000625,12.21133422
1409,2019-08-19 23:29:00,9625,4.0000000625,12.02299976
1410,2019-08-19 23:30:00,9625,4.0000000625,12.41466808
1411,2019-08-19 23:31:00,9625,3.97916615,12.41100026
1412,2019-08-19 23:32:00,9625,3.8958337875,13.35233402
1413,2019-08-19 23:33:00,9625,3.958333725,15.04266644
1414,2019-08-19 23:34:00,9625,3.874999875,17.45433426
1415,2019-08-19 23:35:00,9625,3.83333385,20.204321
1416,2019-08-19 23:36:00,9625,3.708333675,24.42
1417,2019-08-19 23:37:00,9625,3.625000125,22.9330006
1418,2019-08-19 23:38:00,9625,3.562499875,21.8836594
1419,2019-08-19 23:39:00,9625,3.4166663875,23.1493206
1420,2019-08-19 23:40:00,9625,3.333333725,17.70400048
1421,2019-08-19 23:41:00,9625,3.2708337875,21.0146598
1422,2019-08-19 23:42:00,9625,3.35416615,26.9133206
1423,2019-08-19 23:43:00,9625,3.2708337875,30.7266598
1424,2019-08-19 23:44:00,9625,3.166666325,38.6933212
1425,2019-08-19 23:45:00,9625,3.125,37.5932998
1426,2019-08-19 23:46:00,9625,3.083333675,41.1800004
1427,2019-08-19 23:47:00,9625,3.000000125,43.6899796
1428,2019-08-19 23:48:00,9625,2.9583337875,46.6100006
1429,2019-08-19 23:49:00,9625,2.8125,45.8199996
1430,2019-08-19 23:50:00,9625,2.7500000625,44.8432998
1431,2019-08-19 23:51:00,9625,2.8125,41.0600014
1432,2019-08-19 23:52:00,9625,2.8333336125,38.263321
1433,2019-08-19 23:53:00,9625,2.6666662125,36.6233216
1434,2019-08-19 23:54:00,9625,2.6666662125,39.2933198
1435,2019-08-19 23:55:00,9625,2.6458337875,35.3333206
1436,2019-08-19 23:56:00,9625,2.8125,33.8033218
1437,2019-08-19 23:57:00,9625,2.89583385,30.67
1438,2019-08-19 23:58:00,9625,2.9583337875,29.6900006
1439,2019-08-19 23:59:00,9625,3.04166615,38.5466614
